<Objs Version="1.1.0.1" xmlns="http://schemas.microsoft.com/powershell/2004/04">
  <Obj RefId="0">
    <TN RefId="0">
      <T>System.Management.Automation.PSCustomObject</T>
      <T>System.Object</T>
    </TN>
    <MS>
      <S N="Name">PSReadLine</S>
      <S N="Version">2.3.5</S>
      <Obj N="Type" RefId="1">
        <TN RefId="1">
          <T>Microsoft.PowerShell.PSResourceGet.UtilClasses.ResourceType</T>
          <T>System.Enum</T>
          <T>System.ValueType</T>
          <T>System.Object</T>
        </TN>
        <ToString>Module</ToString>
        <I32>1</I32>
      </Obj>
      <S N="Description">Great command line editing in the PowerShell console host</S>
      <S N="Author">Microsoft Corporation</S>
      <S N="CompanyName">Microsoft Corporation</S>
      <S N="Copyright">(c) Microsoft Corporation. All rights reserved.</S>
      <DT N="PublishedDate">2024-04-03T05:22:30.033</DT>
      <DT N="InstalledDate">2024-06-14T16:44:09.4138843+02:00</DT>
      <B N="IsPrerelease">false</B>
      <Nil N="UpdatedDate" />
      <Nil N="LicenseUri" />
      <URI N="ProjectUri">https://github.com/PowerShell/PSReadLine</URI>
      <Nil N="IconUri" />
      <Obj N="Tags" RefId="2">
        <TN RefId="2">
          <T>System.String[]</T>
          <T>System.Array</T>
          <T>System.Object</T>
        </TN>
        <LST>
          <S>PSModule</S>
          <S>PSCmdlet_Get-PSReadLineKeyHandler</S>
          <S>PSCommand_Get-PSReadLineKeyHandler</S>
          <S>PSCmdlet_Set-PSReadLineKeyHandler</S>
          <S>PSCommand_Set-PSReadLineKeyHandler</S>
          <S>PSCmdlet_Remove-PSReadLineKeyHandler</S>
          <S>PSCommand_Remove-PSReadLineKeyHandler</S>
          <S>PSCmdlet_Get-PSReadLineOption</S>
          <S>PSCommand_Get-PSReadLineOption</S>
          <S>PSCmdlet_Set-PSReadLineOption</S>
          <S>PSCommand_Set-PSReadLineOption</S>
          <S>PSIncludes_Cmdlet</S>
          <S>PSFunction_PSConsoleHostReadLine</S>
          <S>PSCommand_PSConsoleHostReadLine</S>
          <S>PSIncludes_Function</S>
        </LST>
      </Obj>
      <Obj N="Includes" RefId="3">
        <TN RefId="3">
          <T>System.Collections.Hashtable</T>
          <T>System.Object</T>
        </TN>
        <DCT>
          <En>
            <S N="Key">Cmdlet</S>
            <Obj N="Value" RefId="4">
              <TNRef RefId="2" />
              <LST>
                <S>Get-PSReadLineKeyHandler</S>
                <S>Set-PSReadLineKeyHandler</S>
                <S>Remove-PSReadLineKeyHandler</S>
                <S>Get-PSReadLineOption</S>
                <S>Set-PSReadLineOption</S>
              </LST>
            </Obj>
          </En>
          <En>
            <S N="Key">DscResource</S>
            <Obj N="Value" RefId="5">
              <TNRef RefId="2" />
              <LST />
            </Obj>
          </En>
          <En>
            <S N="Key">Command</S>
            <Obj N="Value" RefId="6">
              <TNRef RefId="2" />
              <LST>
                <S>Get-PSReadLineKeyHandler</S>
                <S>Set-PSReadLineKeyHandler</S>
                <S>Remove-PSReadLineKeyHandler</S>
                <S>Get-PSReadLineOption</S>
                <S>Set-PSReadLineOption</S>
                <S>PSConsoleHostReadLine</S>
              </LST>
            </Obj>
          </En>
          <En>
            <S N="Key">Workflow</S>
            <Nil N="Value" />
          </En>
          <En>
            <S N="Key">Function</S>
            <Nil N="Value" />
          </En>
          <En>
            <S N="Key">RoleCapability</S>
            <Nil N="Value" />
          </En>
        </DCT>
      </Obj>
      <S N="PowerShellGetFormatVersion"></S>
      <S N="ReleaseNotes"></S>
      <Obj N="Dependencies" RefId="7">
        <TN RefId="4">
          <T>Microsoft.PowerShell.PSResourceGet.UtilClasses.Dependency[]</T>
          <T>System.Array</T>
          <T>System.Object</T>
        </TN>
        <LST />
      </Obj>
      <S N="RepositorySourceLocation">https://www.powershellgallery.com/api/v2</S>
      <S N="Repository">PSGallery</S>
      <Obj N="AdditionalMetadata" RefId="8">
        <TNRef RefId="0" />
        <MS>
          <S N="NormalizedVersion">2.3.5</S>
          <S N="IsPrerelease">False</S>
        </MS>
      </Obj>
      <S N="InstalledLocation">C:\Users\MullenixJohn\Documents\PowerShell\Modules</S>
    </MS>
  </Obj>
</Objs>