{"Source":"InternalBuild","Data":{"System.CollectionId":"ee8504d9-65a6-4f6c-85ed-0ad4265128ee","System.DefinitionId":"932","System.TeamProjectId":"1eb4044a-9891-4ab0-b731-a4ad3638c65c","System.TeamProject":"PSReadLine","Build.BuildId":"413181","Build.BuildNumber":"PSReadLine-ModuleBuild-413181","Build.DefinitionName":"PSReadLine","Build.DefinitionRevision":"2","Build.Repository.Name":"PSReadLine","Build.Repository.Provider":"TfsGit","Build.Repository.Id":"85738272-3dab-4106-86c9-ce31988f3c7f","Build.SourceBranch":"refs/heads/release-2.3.4-vsts","Build.SourceBranchName":"release-2.3.4-vsts","Build.SourceVersion":"eff829eece0d25018950623f66f5739bdb2bea45","Build.Repository.Uri":"https://mscodehub.visualstudio.com/PSReadLine/_git/PSReadLine"},"Feed":null}