<Objs Version="1.1.0.1" xmlns="http://schemas.microsoft.com/powershell/2004/04">
  <Obj RefId="0">
    <TN RefId="0">
      <T>System.Management.Automation.PSCustomObject</T>
      <T>System.Object</T>
    </TN>
    <MS>
      <S N="Name">GcloudTabComplete</S>
      <S N="Version">0.1.0</S>
      <Obj N="Type" RefId="1">
        <TN RefId="1">
          <T>Microsoft.PowerShell.PSResourceGet.UtilClasses.ResourceType</T>
          <T>System.Enum</T>
          <T>System.ValueType</T>
          <T>System.Object</T>
        </TN>
        <ToString>Module</ToString>
        <I32>1</I32>
      </Obj>
      <S N="Description">Provide tab completion for the gcloud CLI interface</S>
      <S N="Author">Jack Denton</S>
      <S N="CompanyName">Unknown</S>
      <S N="Copyright">(c) 2020 Jack Denton. All rights reserved.</S>
      <DT N="PublishedDate">2020-01-20T00:38:44.57</DT>
      <DT N="InstalledDate">2024-07-11T13:17:06.4369943+02:00</DT>
      <B N="IsPrerelease">false</B>
      <Nil N="UpdatedDate" />
      <Nil N="LicenseUri" />
      <Nil N="ProjectUri" />
      <Nil N="IconUri" />
      <Obj N="Tags" RefId="2">
        <TN RefId="2">
          <T>System.String[]</T>
          <T>System.Array</T>
          <T>System.Object</T>
        </TN>
        <LST>
          <S>PSModule</S>
          <S>PSEdition_Desktop</S>
          <S>PSEdition_Core</S>
          <S>PSFunction_Add-GcloudToProfile</S>
          <S>PSCommand_Add-GcloudToProfile</S>
          <S>PSIncludes_Function</S>
        </LST>
      </Obj>
      <Obj N="Includes" RefId="3">
        <TN RefId="3">
          <T>System.Collections.Hashtable</T>
          <T>System.Object</T>
        </TN>
        <DCT>
          <En>
            <S N="Key">DscResource</S>
            <Obj N="Value" RefId="4">
              <TNRef RefId="2" />
              <LST />
            </Obj>
          </En>
          <En>
            <S N="Key">Command</S>
            <Obj N="Value" RefId="5">
              <TNRef RefId="2" />
              <LST>
                <S>Add-GcloudToProfile</S>
              </LST>
            </Obj>
          </En>
          <En>
            <S N="Key">Function</S>
            <Nil N="Value" />
          </En>
          <En>
            <S N="Key">Workflow</S>
            <Nil N="Value" />
          </En>
          <En>
            <S N="Key">RoleCapability</S>
            <Nil N="Value" />
          </En>
          <En>
            <S N="Key">Cmdlet</S>
            <Obj N="Value" RefId="6">
              <TNRef RefId="2" />
              <LST />
            </Obj>
          </En>
        </DCT>
      </Obj>
      <S N="PowerShellGetFormatVersion"></S>
      <S N="ReleaseNotes"></S>
      <Obj N="Dependencies" RefId="7">
        <TN RefId="4">
          <T>Microsoft.PowerShell.PSResourceGet.UtilClasses.Dependency[]</T>
          <T>System.Array</T>
          <T>System.Object</T>
        </TN>
        <LST />
      </Obj>
      <S N="RepositorySourceLocation">https://www.powershellgallery.com/api/v2</S>
      <S N="Repository">PSGallery</S>
      <Obj N="AdditionalMetadata" RefId="8">
        <TNRef RefId="0" />
        <MS>
          <S N="NormalizedVersion">0.1.0</S>
          <S N="IsPrerelease">False</S>
        </MS>
      </Obj>
      <S N="InstalledLocation">C:\Users\MullenixJohn\Documents\PowerShell\Modules</S>
    </MS>
  </Obj>
</Objs>