{"Source":"InternalBuild","Data":{"System.CollectionId":"ee8504d9-65a6-4f6c-85ed-0ad4265128ee","System.DefinitionId":"2930","System.TeamProjectId":"1eb4044a-9891-4ab0-b731-a4ad3638c65c","System.TeamProject":"PSReadLine","Build.BuildId":"475828","Build.BuildNumber":"PSReadLine-ModuleBuild-475828","Build.DefinitionName":"PSReadLine-Official","Build.DefinitionRevision":"1","Build.Repository.Name":"PSReadLine","Build.Repository.Provider":"TfsGit","Build.Repository.Id":"85738272-3dab-4106-86c9-ce31988f3c7f","Build.SourceBranch":"refs/heads/release-v2.3.5-patch","Build.SourceBranchName":"release-v2.3.5-patch","Build.SourceVersion":"2cc85806c561a9395751a96a818e8ff1592d19f7","Build.Repository.Uri":"https://mscodehub.visualstudio.com/PSReadLine/_git/PSReadLine","EbomId":"91cdea5c-725f-5a44-a184-5e8adae11c66"},"Feed":null}